category,discounted_price,actual_price,discount_percentage,rating,rating_count
Computers&Accessories,399.0,1099.0,64,4.2,24269.0
Computers&Accessories,199.0,349.0,43,4.0,43994.0
Computers&Accessories,199.0,1899.0,90,3.9,7928.0
Computers&Accessories,329.0,699.0,53,4.2,94363.0
Computers&Accessories,154.0,399.0,61,4.2,16905.0
Computers&Accessories,149.0,1000.0,85,3.9,24871.0
Computers&Accessories,176.63,499.0,65,4.1,15188.0
Computers&Accessories,229.0,299.0,23,4.3,30411.0
Computers&Accessories,499.0,999.0,50,4.2,179691.0
Computers&Accessories,199.0,299.0,33,4.0,43994.0
Computers&Accessories,154.0,339.0,55,4.3,13391.0
Computers&Accessories,299.0,799.0,63,4.2,94363.0
Electronics,219.0,700.0,69,4.4,426973.0
Computers&Accessories,350.0,899.0,61,4.2,2262.0
Computers&Accessories,159.0,399.0,60,4.1,4768.0
Computers&Accessories,349.0,399.0,13,4.4,18757.0
Electronics,13999.0,24999.0,44,4.2,32840.0
Computers&Accessories,249.0,399.0,38,4.0,43994.0
Computers&Accessories,199.0,499.0,60,4.1,13045.0
Electronics,13490.0,21990.0,39,4.3,11976.0
Computers&Accessories,970.0,1799.0,46,4.5,815.0
Electronics,279.0,499.0,44,3.7,10962.0
Electronics,13490.0,22900.0,41,4.3,16299.0
Computers&Accessories,59.0,199.0,70,4.0,9378.0
Electronics,11499.0,19990.0,42,4.3,4703.0
Electronics,199.0,699.0,72,4.2,12153.0
Electronics,14999.0,19999.0,25,4.2,34899.0
Computers&Accessories,299.0,399.0,25,4.0,2766.0
Computers&Accessories,970.0,1999.0,51,4.4,184.0
Computers&Accessories,299.0,999.0,70,4.3,20850.0
Computers&Accessories,199.0,750.0,73,4.5,74976.0
Computers&Accessories,179.0,499.0,64,4.0,1934.0
Computers&Accessories,389.0,1099.0,65,4.3,974.0
Computers&Accessories,599.0,599.0,0,4.3,355.0
Computers&Accessories,199.0,999.0,80,3.9,1075.0
Computers&Accessories,99.0,666.66,85,3.9,24871.0
Computers&Accessories,899.0,1900.0,53,4.4,13552.0
Computers&Accessories,199.0,999.0,80,4.0,576.0
Electronics,32999.0,45999.0,28,4.2,7298.0
Computers&Accessories,970.0,1999.0,51,4.2,462.0
Computers&Accessories,209.0,695.0,70,4.5,107687.0
Electronics,19999.0,34999.0,43,4.3,27151.0
Computers&Accessories,399.0,1099.0,64,4.2,24269.0
Computers&Accessories,999.0,1599.0,38,4.3,12093.0
Computers&Accessories,59.0,199.0,70,4.0,9378.0
Computers&Accessories,333.0,999.0,67,3.3,9792.0
Computers&Accessories,507.0,1208.0,58,4.1,8131.0
Electronics,309.0,475.0,35,4.4,426973.0
Electronics,399.0,999.0,60,3.6,493.0
Computers&Accessories,199.0,395.0,50,4.2,92595.0
Computers&Accessories,1199.0,2199.0,45,4.4,24780.0
Computers&Accessories,179.0,500.0,64,4.2,92595.0
Computers&Accessories,799.0,2100.0,62,4.3,8188.0
Electronics,6999.0,12999.0,46,4.2,4003.0
Computers&Accessories,199.0,349.0,43,4.1,314.0
Electronics,230.0,499.0,54,3.7,2960.0
Computers&Accessories,649.0,1399.0,54,4.2,179691.0
Electronics,15999.0,21999.0,27,4.2,34899.0
Computers&Accessories,348.0,1499.0,77,4.2,656.0
Computers&Accessories,154.0,349.0,56,4.3,7064.0
Electronics,179.0,799.0,78,3.7,2201.0
Electronics,32990.0,47900.0,31,4.3,7109.0
Computers&Accessories,139.0,999.0,86,4.0,1313.0
Computers&Accessories,329.0,845.0,61,4.2,29746.0
Electronics,13999.0,24999.0,44,4.2,45238.0
Electronics,309.0,1400.0,78,4.4,426973.0
Computers&Accessories,263.0,699.0,62,4.1,450.0
Electronics,7999.0,14990.0,47,4.3,457.0
Electronics,1599.0,2999.0,47,4.2,2727.0
Computers&Accessories,219.0,700.0,69,4.3,20053.0
Computers&Accessories,349.0,899.0,61,4.5,149.0
Computers&Accessories,349.0,599.0,42,4.1,210.0
Electronics,26999.0,42999.0,37,4.2,45238.0
Computers&Accessories,115.0,499.0,77,4.0,7732.0
Computers&Accessories,399.0,999.0,60,4.1,1780.0
Computers&Accessories,199.0,499.0,60,4.1,602.0
Computers&Accessories,179.0,399.0,55,4.0,1423.0
Electronics,10901.0,30990.0,65,4.1,398.0
Computers&Accessories,209.0,499.0,58,3.9,536.0
Electronics,1434.0,3999.0,64,4.0,32.0
Computers&Accessories,399.0,1099.0,64,4.2,24269.0
Computers&Accessories,139.0,249.0,44,4.0,9378.0
Electronics,7299.0,19125.0,62,3.4,902.0
Computers&Accessories,299.0,799.0,63,4.4,28791.0
Computers&Accessories,325.0,1299.0,75,4.2,10576.0
Electronics,29999.0,39999.0,25,4.2,7298.0
Electronics,27999.0,40990.0,32,4.3,4703.0
Electronics,30990.0,52900.0,41,4.3,7109.0
Computers&Accessories,199.0,999.0,80,4.5,127.0
Computers&Accessories,649.0,1999.0,68,4.2,24269.0
Computers&Accessories,269.0,800.0,66,3.6,10134.0
Electronics,24999.0,31999.0,22,4.2,34899.0
Computers&Accessories,299.0,699.0,57,4.2,94363.0
Computers&Accessories,199.0,999.0,80,4.1,425.0
Electronics,18990.0,40990.0,54,4.2,6659.0
Computers&Accessories,290.0,349.0,17,3.7,1977.0
Electronics,249.0,799.0,69,3.8,1079.0
Computers&Accessories,345.0,999.0,65,3.7,1097.0
Computers&Accessories,1099.0,1899.0,42,4.5,22420.0
Computers&Accessories,719.0,1499.0,52,4.1,1045.0
Electronics,349.0,1499.0,77,4.3,4145.0
Computers&Accessories,849.0,1809.0,53,4.3,6547.0
Electronics,299.0,899.0,67,4.0,1588.0
Electronics,21999.0,29999.0,27,4.2,32840.0
Computers&Accessories,349.0,999.0,65,4.2,13120.0
Computers&Accessories,399.0,999.0,60,4.3,2806.0
Computers&Accessories,449.0,1299.0,65,4.2,24269.0
Computers&Accessories,299.0,999.0,70,4.3,766.0
Electronics,37999.0,65000.0,42,4.3,3587.0
Computers&Accessories,99.0,800.0,88,3.9,24871.0
Electronics,7390.0,20000.0,63,4.1,2581.0
Computers&Accessories,273.1,999.0,73,4.3,20850.0
Electronics,15990.0,23990.0,33,4.3,1035.0
Computers&Accessories,399.0,999.0,60,4.1,1780.0
Electronics,399.0,1999.0,80,4.5,505.0
Computers&Accessories,210.0,399.0,47,4.1,1717.0
Electronics,1299.0,1999.0,35,3.6,590.0
Computers&Accessories,347.0,999.0,65,3.5,1121.0
Computers&Accessories,149.0,999.0,85,4.0,1313.0
Computers&Accessories,228.0,899.0,75,3.8,132.0
Computers&Accessories,1599.0,1999.0,20,4.4,1951.0
Electronics,1499.0,3999.0,63,3.7,37.0
Electronics,8499.0,15999.0,47,4.3,592.0
Electronics,20990.0,44990.0,53,4.1,1259.0
Electronics,32999.0,44999.0,27,4.2,45238.0
Electronics,799.0,1700.0,53,4.1,28638.0
Electronics,229.0,595.0,62,4.3,12835.0
Electronics,9999.0,27990.0,64,4.2,1269.0
Electronics,349.0,599.0,42,4.2,284.0
Electronics,489.0,1200.0,59,4.4,69538.0
Electronics,23999.0,34990.0,31,4.3,4703.0
Computers&Accessories,399.0,999.0,60,4.3,2806.0
Electronics,349.0,1299.0,73,4.0,3295.0
Computers&Accessories,179.0,299.0,40,3.9,81.0
Computers&Accessories,689.0,1500.0,54,4.2,42301.0
Electronics,30990.0,49990.0,38,4.3,1376.0
Computers&Accessories,249.0,931.0,73,3.9,1075.0
Electronics,999.0,2399.0,58,4.6,3664.0
Electronics,399.0,399.0,0,3.9,1951.0
Computers&Accessories,349.0,699.0,50,4.3,20850.0
Computers&Accessories,399.0,1099.0,64,4.1,2685.0
Computers&Accessories,1699.0,2999.0,43,4.4,24780.0
Electronics,655.0,1099.0,40,3.2,285.0
Computers&Accessories,749.0,1339.0,44,4.2,179692.0
Electronics,9999.0,12999.0,23,4.2,6088.0
Electronics,195.0,499.0,61,3.7,1383.0
Computers&Accessories,999.0,2100.0,52,4.5,5492.0
Computers&Accessories,499.0,899.0,44,4.2,919.0
Electronics,416.0,599.0,31,4.2,30023.0
Computers&Accessories,368.0,699.0,47,4.2,387.0
Electronics,29990.0,65000.0,54,4.1,211.0
Computers&Accessories,339.0,1099.0,69,4.3,974.0
Electronics,15490.0,20900.0,26,4.3,16299.0
Computers&Accessories,499.0,1299.0,62,4.3,30411.0
Computers&Accessories,249.0,399.0,38,3.4,4642.0
Electronics,399.0,799.0,50,4.3,12.0
Computers&Accessories,1499.0,1999.0,25,4.4,1951.0
Electronics,9490.0,15990.0,41,3.9,10480.0
Electronics,637.0,1499.0,58,4.1,24.0
Electronics,399.0,899.0,56,3.9,254.0
Electronics,1089.0,1600.0,32,4.0,3565.0
Computers&Accessories,339.0,999.0,66,4.3,6255.0
Computers&Accessories,149.0,499.0,70,4.0,7732.0
Computers&Accessories,149.0,399.0,63,3.9,57.0
Computers&Accessories,599.0,849.0,29,4.5,577.0
Electronics,299.0,1199.0,75,3.9,1193.0
Computers&Accessories,399.0,1299.0,69,4.2,13120.0
Electronics,339.0,1999.0,83,4.0,343.0
Electronics,12499.0,22990.0,46,4.3,1611.0
Computers&Accessories,249.0,399.0,38,4.0,6558.0
Computers&Accessories,1399.0,2499.0,44,4.4,23169.0
Electronics,32999.0,47990.0,31,4.3,4703.0
Computers&Accessories,149.0,399.0,63,4.0,1423.0
Computers&Accessories,325.0,999.0,67,4.3,2651.0
Computers&Accessories,399.0,1999.0,80,5.0,5.0
Computers&Accessories,199.0,499.0,60,3.7,612.0
Computers&Accessories,88.0,299.0,71,4.0,9378.0
Computers&Accessories,399.0,1099.0,64,4.1,2685.0
Computers&Accessories,57.89,199.0,71,4.0,9378.0
Electronics,799.0,1999.0,60,3.3,576.0
Electronics,205.0,499.0,59,3.8,313.0
Computers&Accessories,299.0,699.0,57,4.1,2957.0
Computers&Accessories,849.0,999.0,15,4.1,6736.0
Computers&Accessories,949.0,1999.0,53,4.4,13552.0
Computers&Accessories,499.0,1200.0,58,4.3,5451.0
Computers&Accessories,299.0,485.0,38,4.3,10911.0
Computers&Accessories,949.0,1999.0,53,4.4,13552.0
Computers&Accessories,379.0,1099.0,66,4.3,2806.0
Electronics,8990.0,18990.0,53,3.9,350.0
Electronics,486.0,1999.0,76,4.2,30023.0
Electronics,5699.0,11000.0,48,4.2,4003.0
Computers&Accessories,709.0,1999.0,65,4.1,178817.0
Electronics,47990.0,70900.0,32,4.3,7109.0
Electronics,299.0,1199.0,75,3.7,490.0
Computers&Accessories,320.0,599.0,47,4.1,491.0
Computers&Accessories,139.0,549.0,75,3.9,61.0
Computers&Accessories,129.0,249.0,48,4.0,9378.0
Electronics,24999.0,35999.0,31,4.2,32840.0
Computers&Accessories,999.0,1699.0,41,4.4,7318.0
Computers&Accessories,225.0,499.0,55,4.1,789.0
Electronics,547.0,2999.0,82,4.3,407.0
Computers&Accessories,259.0,699.0,63,3.8,2399.0
Electronics,239.0,699.0,66,4.4,2640.0
Electronics,349.0,999.0,65,4.0,839.0
Electronics,467.0,599.0,22,4.4,44054.0
Computers&Accessories,449.0,599.0,25,4.0,3231.0
Electronics,11990.0,31990.0,63,4.2,64.0
Computers&Accessories,350.0,599.0,42,3.9,8314.0
Computers&Accessories,252.0,999.0,75,3.7,2249.0
Electronics,204.0,599.0,66,3.6,339.0
Electronics,6490.0,9990.0,35,4.0,27.0
Electronics,235.0,599.0,61,3.5,197.0
Computers&Accessories,299.0,800.0,63,4.5,74977.0
Computers&Accessories,799.0,1999.0,60,4.2,8583.0
Electronics,299.0,999.0,70,3.8,928.0
Electronics,6999.0,16990.0,59,3.8,110.0
Electronics,42999.0,59999.0,28,4.1,6753.0
Electronics,173.0,999.0,83,4.3,1237.0
Electronics,209.0,600.0,65,4.4,18872.0
Computers&Accessories,848.99,1490.0,43,3.9,356.0
Computers&Accessories,649.0,1999.0,68,4.2,24269.0
Electronics,299.0,899.0,67,3.8,425.0
Electronics,399.0,799.0,50,4.1,1161.0
Computers&Accessories,249.0,499.0,50,4.1,1508.0
Electronics,1249.0,2299.0,46,4.3,7636.0
Electronics,213.0,499.0,57,3.7,246.0
Electronics,209.0,499.0,58,4.0,479.0
Electronics,598.0,4999.0,88,4.2,910.0
Computers&Accessories,799.0,1749.0,54,4.1,5626.0
Computers&Accessories,159.0,595.0,73,4.3,14184.0
Computers&Accessories,499.0,1100.0,55,4.4,25177.0
Electronics,31999.0,49999.0,36,4.3,21252.0
Electronics,32990.0,56790.0,42,4.3,567.0
Electronics,299.0,1199.0,75,3.5,466.0
Computers&Accessories,128.31,549.0,77,3.9,61.0
Computers&Accessories,599.0,849.0,29,4.5,474.0
Electronics,399.0,899.0,56,3.4,431.0
Computers&Accessories,449.0,1099.0,59,4.0,242.0
Computers&Accessories,254.0,799.0,68,4.0,2905.0
Electronics,399.0,795.0,50,4.4,12091.0
Computers&Accessories,179.0,399.0,55,4.0,1423.0
Computers&Accessories,339.0,999.0,66,4.3,6255.0
Electronics,399.0,999.0,60,4.0,1236.0
Electronics,199.0,399.0,50,4.2,1335.0
Electronics,349.0,1999.0,83,3.8,197.0
Computers&Accessories,299.0,798.0,63,4.4,28791.0
Computers&Accessories,89.0,800.0,89,3.9,1075.0
Computers&Accessories,549.0,995.0,45,4.2,29746.0
Computers&Accessories,129.0,1000.0,87,3.9,295.0
Electronics,77990.0,139900.0,44,4.7,5935.0
Electronics,349.0,799.0,56,3.6,323.0
Electronics,499.0,899.0,44,3.7,185.0
Computers&Accessories,299.0,799.0,63,4.2,2117.0
Computers&Accessories,182.0,599.0,70,4.0,9378.0
Electronics,96.0,399.0,76,3.6,1796.0
Electronics,54990.0,85000.0,35,4.3,3587.0
Electronics,439.0,758.0,42,4.2,4296.0
Computers&Accessories,299.0,999.0,70,4.3,2651.0
Computers&Accessories,299.0,799.0,63,4.2,94363.0
Computers&Accessories,789.0,1999.0,61,4.2,34540.0
Electronics,299.0,700.0,57,4.4,8714.0
Computers&Accessories,325.0,1099.0,70,4.2,10576.0
Computers&Accessories,1299.0,1999.0,35,4.4,7318.0
Electronics,790.0,1999.0,60,3.0,103.0
Electronics,4699.0,4699.0,0,4.5,224.0
Electronics,18999.0,24990.0,24,4.3,4702.0
Computers&Accessories,199.0,999.0,80,4.2,85.0
Electronics,269.0,650.0,59,4.4,35877.0
Electronics,1990.0,3100.0,36,4.0,897.0
Electronics,2299.0,3999.0,43,3.8,282.0
Electronics,35999.0,49990.0,28,4.3,1611.0
Electronics,349.0,999.0,65,4.2,513.0
Computers&Accessories,719.0,1499.0,52,4.1,1045.0
Electronics,8999.0,18999.0,53,4.0,6347.0
Electronics,917.0,2299.0,60,4.2,3300.0
Electronics,399.0,999.0,60,3.3,23.0
Electronics,45999.0,69900.0,34,4.3,7109.0
Computers&Accessories,119.0,299.0,60,3.8,51.0
Electronics,21999.0,29999.0,27,4.2,32840.0
Electronics,299.0,599.0,50,3.7,708.0
Electronics,21990.0,34990.0,37,4.3,1657.0
Computers&Accessories,417.44,670.0,38,3.9,523.0
Computers&Accessories,199.0,999.0,80,3.0,5179.0
Electronics,47990.0,79990.0,40,4.3,1376.0
Electronics,215.0,499.0,57,3.5,121.0
Computers&Accessories,99.0,800.0,88,3.9,1075.0
Electronics,18999.0,35000.0,46,4.0,1001.0
Computers&Accessories,249.0,999.0,75,4.3,112.0
Electronics,7999.0,15999.0,50,3.8,3022.0
Computers&Accessories,649.0,1600.0,59,4.3,5451.0
Electronics,1289.0,2499.0,48,3.3,73.0
Electronics,609.0,1500.0,59,4.5,1029.0
Electronics,32990.0,54990.0,40,4.1,1555.0
Electronics,599.0,1999.0,70,4.2,47.0
Computers&Accessories,349.0,899.0,61,4.1,14896.0
Electronics,29999.0,50999.0,41,4.4,1712.0
Electronics,199.0,399.0,50,4.2,1335.0
Electronics,349.0,699.0,50,3.9,214.0
Electronics,1850.0,4500.0,59,4.0,184.0
Electronics,13990.0,28900.0,52,4.5,7.0
Computers&Accessories,129.0,449.0,71,3.7,41.0
Electronics,379.0,999.0,62,4.2,12153.0
Electronics,185.0,499.0,63,4.2,25.0
Computers&Accessories,218.0,999.0,78,4.2,163.0
Computers&Accessories,199.0,999.0,80,4.3,87.0
Electronics,499.0,900.0,45,4.4,2165.0
Electronics,26999.0,42999.0,37,4.2,1510.0
Electronics,893.0,1052.0,15,4.3,106.0
Electronics,10990.0,19990.0,45,3.7,129.0
Computers&Accessories,379.0,1099.0,66,4.3,3049.0
Electronics,16999.0,25999.0,35,4.2,32840.0
Electronics,699.0,1899.0,63,4.4,390.0
Electronics,2699.0,3500.0,23,3.5,621.0
Computers&Accessories,129.0,599.0,78,4.1,265.0
Computers&Accessories,389.0,999.0,61,4.3,838.0
Electronics,246.0,600.0,59,4.2,143.0
Computers&Accessories,299.0,799.0,63,4.0,151.0
Electronics,247.0,399.0,38,3.9,200.0
Electronics,1369.0,2999.0,54,3.3,227.0
Electronics,199.0,499.0,60,3.8,538.0
Electronics,299.0,599.0,50,4.0,171.0
Electronics,14999.0,14999.0,0,4.3,27508.0
Computers&Accessories,299.0,699.0,57,3.9,1454.0
Electronics,24990.0,51990.0,52,4.2,2951.0
Computers&Accessories,249.0,999.0,75,5.0,5179.0
Electronics,61999.0,69999.0,11,4.1,6753.0
Electronics,24499.0,50000.0,51,3.9,3518.0
Electronics,10499.0,19499.0,46,4.2,1510.0
Computers&Accessories,349.0,999.0,65,4.3,838.0
Electronics,197.0,499.0,61,3.8,136.0
Electronics,1299.0,2499.0,48,4.3,301.0
Computers&Accessories,1519.0,1899.0,20,4.4,19763.0
Electronics,46999.0,69999.0,33,4.3,21252.0
Computers&Accessories,299.0,799.0,63,4.3,1902.0
Electronics,1799.0,19999.0,91,4.2,13937.0
Electronics,1998.0,9999.0,80,4.3,27696.0
Electronics,1999.0,7990.0,75,3.8,17831.0
Electronics,2049.0,2199.0,7,4.3,178912.0
Electronics,6499.0,8999.0,28,4.0,7807.0
Electronics,28999.0,28999.0,0,4.3,17415.0
Electronics,28999.0,28999.0,0,4.3,17415.0
Electronics,6499.0,8999.0,28,4.0,7807.0
Electronics,6499.0,8999.0,28,4.0,7807.0
Electronics,569.0,1000.0,43,4.4,67259.0
Electronics,1898.0,4999.0,62,4.1,10689.0
Electronics,1299.0,1599.0,19,4.0,128311.0
Electronics,1499.0,6990.0,79,3.9,21796.0
Electronics,599.0,999.0,40,4.1,192590.0
Electronics,9499.0,11999.0,21,4.2,284.0
Electronics,599.0,2499.0,76,3.9,58162.0
Electronics,8999.0,11999.0,25,4.0,12796.0
Electronics,349.0,1299.0,73,4.0,14282.0
Electronics,349.0,999.0,65,4.1,363713.0
Electronics,959.0,1800.0,47,4.4,67259.0
Electronics,9499.0,11999.0,21,4.2,284.0
Electronics,1499.0,2499.0,40,4.3,15970.0
Electronics,1149.0,2199.0,48,4.3,178912.0
Electronics,349.0,999.0,65,3.9,46399.0
Electronics,1219.0,1699.0,28,4.4,8891.0
Electronics,1599.0,3999.0,60,4.0,30254.0
Electronics,1499.0,7999.0,81,4.2,22636.0
Electronics,18499.0,25999.0,29,4.1,22318.0
Electronics,369.0,700.0,47,4.4,67259.0
Electronics,12999.0,17999.0,28,4.1,18998.0
Electronics,1799.0,19999.0,91,4.2,13937.0
Electronics,2199.0,9999.0,78,4.2,29471.0
Electronics,16999.0,24999.0,32,4.1,22318.0
Electronics,16499.0,20999.0,21,4.0,21350.0
Electronics,1799.0,19999.0,91,4.2,13937.0
Computers&Accessories,399.0,1099.0,64,4.2,24270.0
Electronics,8499.0,10999.0,23,4.1,313836.0
Electronics,6499.0,8499.0,24,4.1,313836.0
Electronics,1799.0,19999.0,91,4.2,13937.0
Electronics,8999.0,11999.0,25,4.0,12796.0
Electronics,139.0,495.0,72,4.3,14185.0
Electronics,3999.0,16999.0,76,4.3,17159.0
Electronics,2998.0,5999.0,50,4.1,5179.0
Computers&Accessories,199.0,349.0,43,4.0,43993.0
Electronics,15499.0,18999.0,18,4.1,19252.0
Computers&Accessories,199.0,999.0,80,3.9,7928.0
Electronics,1799.0,19999.0,91,4.2,13937.0
Electronics,8999.0,11999.0,25,4.0,12796.0
Electronics,873.0,1699.0,49,4.4,1680.0
Electronics,12999.0,15999.0,19,4.2,13246.0
Electronics,539.0,1599.0,66,3.8,14648.0
Electronics,1999.0,9999.0,80,4.3,27696.0
Electronics,15490.0,20990.0,26,4.2,32916.0
Electronics,19999.0,24999.0,20,3.9,25824.0
Electronics,1075.0,1699.0,37,4.4,7462.0
Electronics,399.0,699.0,43,4.0,37817.0
Electronics,1999.0,3990.0,50,4.0,30254.0
Electronics,1999.0,7990.0,75,3.8,17831.0
Computers&Accessories,329.0,699.0,53,4.2,94364.0
Computers&Accessories,154.0,399.0,61,4.2,16905.0
Electronics,28999.0,34999.0,17,4.4,20311.0
Electronics,2299.0,7990.0,71,4.2,69622.0
Electronics,399.0,1999.0,80,4.0,3382.0
Electronics,1149.0,3999.0,71,4.3,140036.0
Electronics,529.0,1499.0,65,4.1,8599.0
Electronics,13999.0,19499.0,28,4.1,18998.0
Electronics,379.0,999.0,62,4.1,363713.0
Electronics,13999.0,19999.0,30,4.1,19252.0
Electronics,3999.0,9999.0,60,4.4,73.0
Computers&Accessories,149.0,1000.0,85,3.9,24870.0
Electronics,99.0,499.0,80,4.3,42641.0
Electronics,4790.0,15990.0,70,4.0,4390.0
Electronics,33999.0,33999.0,0,4.3,17415.0
Computers&Accessories,99.0,999.0,90,4.0,1396.0
Electronics,299.0,1900.0,84,3.6,18202.0
Electronics,10999.0,14999.0,27,4.1,18998.0
Electronics,34999.0,38999.0,10,4.2,11029.0
Electronics,16999.0,24999.0,32,4.1,22318.0
Electronics,199.0,499.0,60,4.1,1786.0
Electronics,999.0,1599.0,38,4.0,7222.0
Electronics,1299.0,1599.0,19,4.0,128311.0
Electronics,599.0,1800.0,67,3.5,83996.0
Electronics,599.0,1899.0,68,4.3,140036.0
Electronics,1799.0,2499.0,28,4.1,18678.0
Computers&Accessories,176.63,499.0,65,4.1,15189.0
Electronics,10999.0,14999.0,27,4.1,18998.0
Electronics,2999.0,7990.0,62,4.1,48449.0
Electronics,1999.0,7990.0,75,3.8,17831.0
Computers&Accessories,229.0,299.0,23,4.3,30411.0
Computers&Accessories,199.0,299.0,33,4.0,43994.0
Electronics,649.0,999.0,35,4.2,1315.0
Electronics,13999.0,19499.0,28,4.1,18998.0
Electronics,119.0,299.0,60,4.1,5999.0
Electronics,12999.0,17999.0,28,4.1,50772.0
Computers&Accessories,154.0,339.0,55,4.3,13391.0
Electronics,20999.0,26999.0,22,3.9,25824.0
Electronics,249.0,649.0,62,4.0,14404.0
Electronics,99.0,171.0,42,4.5,11339.0
Electronics,489.0,1999.0,76,4.0,3626.0
Electronics,369.0,1600.0,77,4.0,32625.0
Electronics,15499.0,20999.0,26,4.1,19252.0
Electronics,15499.0,18999.0,18,4.1,19252.0
Electronics,22999.0,28999.0,21,3.9,25824.0
Electronics,599.0,1490.0,60,4.1,161679.0
Electronics,134.0,699.0,81,4.1,16685.0
Electronics,7499.0,7999.0,6,4.0,30907.0
Electronics,1149.0,2199.0,48,4.3,178912.0
Electronics,1324.0,1699.0,22,4.0,128311.0
Electronics,13999.0,19999.0,30,4.1,19252.0
Computers&Accessories,299.0,799.0,63,4.2,94364.0
Electronics,999.0,1599.0,38,4.0,7222.0
Electronics,12999.0,17999.0,28,4.1,18998.0
Electronics,15490.0,20990.0,26,4.2,32916.0
Electronics,999.0,2899.0,66,4.6,26603.0
Electronics,1599.0,4999.0,68,4.0,67950.0
Electronics,1324.0,1699.0,22,4.0,128311.0
Electronics,20999.0,29990.0,30,4.3,9499.0
Electronics,999.0,1999.0,50,4.3,1777.0
Electronics,12490.0,15990.0,22,4.2,58506.0
Electronics,17999.0,21990.0,18,4.0,21350.0
Computers&Accessories,350.0,899.0,61,4.2,2263.0
Electronics,1399.0,1630.0,14,4.0,9378.0
Computers&Accessories,159.0,399.0,60,4.1,4768.0
Electronics,1499.0,6990.0,79,3.9,21796.0
Electronics,1999.0,7990.0,75,3.8,17833.0
Electronics,999.0,2899.0,66,4.7,7779.0
Electronics,2099.0,5999.0,65,4.3,17129.0
Electronics,337.0,699.0,52,4.2,4969.0
Electronics,2999.0,7990.0,62,4.1,154.0
Electronics,1299.0,5999.0,78,3.3,4415.0
Computers&Accessories,349.0,399.0,13,4.4,18757.0
Electronics,16499.0,20990.0,21,4.0,21350.0
Electronics,499.0,499.0,0,4.2,31539.0
Computers&Accessories,970.0,1799.0,46,4.5,815.0
Electronics,999.0,2899.0,66,4.6,6129.0
Electronics,10499.0,13499.0,22,4.2,284.0
Computers&Accessories,249.0,399.0,38,4.0,43994.0
Electronics,251.0,999.0,75,3.7,3234.0
Computers&Accessories,199.0,499.0,60,4.1,13045.0
Electronics,6499.0,7999.0,19,4.1,313832.0
Electronics,2999.0,9999.0,70,4.2,20879.0
Electronics,279.0,1499.0,81,4.2,2646.0
Electronics,269.0,1499.0,82,4.5,28978.0
Electronics,8999.0,13499.0,33,3.8,3145.0
Computers&Accessories,59.0,199.0,70,4.0,9377.0
Electronics,599.0,1299.0,54,4.1,192589.0
Electronics,349.0,999.0,65,3.8,16557.0
Electronics,13999.0,19499.0,28,4.1,18998.0
Electronics,349.0,999.0,65,3.8,16557.0
Electronics,499.0,599.0,17,4.2,21916.0
Electronics,2199.0,9999.0,78,4.2,29472.0
Electronics,95.0,499.0,81,4.2,1949.0
Computers&Accessories,139.0,249.0,44,4.0,9377.0
Electronics,4499.0,7999.0,44,3.5,37.0
Electronics,89.0,599.0,85,4.3,2351.0
Electronics,15499.0,20999.0,26,4.1,19253.0
Electronics,13999.0,15999.0,13,3.9,2180.0
Electronics,1999.0,4999.0,60,3.9,7571.0
Electronics,1399.0,5999.0,77,3.3,4415.0
Electronics,599.0,999.0,40,4.0,18654.0
Electronics,199.0,1099.0,82,4.0,3197.0
Electronics,1799.0,6990.0,74,4.0,26880.0
Electronics,1499.0,6990.0,79,3.9,21796.0
Electronics,20999.0,29990.0,30,4.3,9499.0
Electronics,12999.0,13499.0,4,4.1,56098.0
Electronics,16999.0,20999.0,19,4.1,31822.0
Electronics,19999.0,27990.0,29,4.3,9499.0
Electronics,12999.0,18999.0,32,4.1,50772.0
Electronics,2999.0,5999.0,50,4.1,7148.0
Computers&Accessories,299.0,999.0,70,4.3,20850.0
Computers&Accessories,970.0,1999.0,51,4.4,184.0
Electronics,329.0,999.0,67,4.2,3492.0
Electronics,1299.0,5999.0,78,3.3,4415.0
Electronics,1989.0,3500.0,43,4.4,67260.0
Electronics,1999.0,9999.0,80,4.3,27704.0
Electronics,12999.0,18999.0,32,4.1,50772.0
Electronics,1499.0,4999.0,70,4.0,92588.0
Electronics,16999.0,20999.0,19,4.1,31822.0
Electronics,1999.0,8499.0,76,4.3,240.0
Electronics,4999.0,6999.0,29,3.8,758.0
Computers&Accessories,99.0,666.66,85,3.9,24870.0
Electronics,2499.0,5999.0,58,3.7,828.0
Electronics,1399.0,1630.0,14,4.0,9378.0
Electronics,1499.0,9999.0,85,4.2,22638.0
Computers&Accessories,899.0,1900.0,53,4.4,13552.0
Electronics,249.0,599.0,58,3.9,2147.0
Electronics,299.0,1199.0,75,4.5,596.0
Electronics,79.0,499.0,84,4.2,1949.0
Electronics,13999.0,15999.0,13,3.9,2180.0
Electronics,949.0,999.0,5,4.2,31539.0
Electronics,99.0,499.0,80,4.1,2451.0
Electronics,2499.0,7990.0,69,4.1,154.0
Electronics,689.0,1999.0,66,4.3,1193.0
Electronics,499.0,1899.0,74,4.1,1475.0
Electronics,299.0,999.0,70,4.3,8891.0
Electronics,209.0,499.0,58,3.6,104.0
Electronics,8499.0,12999.0,35,4.1,6662.0
Electronics,2179.0,3999.0,46,4.0,8380.0
Electronics,16999.0,20999.0,19,4.1,31822.0
Electronics,44999.0,49999.0,10,4.3,3075.0
Electronics,2599.0,2999.0,13,3.9,14266.0
Electronics,2799.0,6499.0,57,4.1,38879.0
Electronics,1399.0,2990.0,53,4.1,97175.0
Electronics,649.0,2400.0,73,4.4,67260.0
Electronics,799.0,3990.0,80,3.8,119.0
Computers&Accessories,149.0,149.0,0,4.3,10833.0
Computers&Accessories,799.0,2100.0,62,4.3,8188.0
Electronics,3799.0,5299.0,28,3.5,1641.0
Electronics,199.0,1899.0,90,4.0,4740.0
Electronics,23999.0,32999.0,27,3.9,8866.0
Electronics,29990.0,39990.0,25,4.3,8399.0
Electronics,281.0,1999.0,86,2.8,87.0
Electronics,7998.0,11999.0,33,3.8,125.0
Electronics,249.0,999.0,75,4.5,38.0
Electronics,299.0,599.0,50,4.3,4674.0
Electronics,499.0,1899.0,74,4.1,412.0
Electronics,899.0,3499.0,74,3.0,681.0
Electronics,1599.0,3499.0,54,4.0,36384.0
Electronics,120.0,999.0,88,3.9,6491.0
Electronics,3999.0,6999.0,43,4.1,10229.0
Electronics,12999.0,18999.0,32,4.1,50772.0
Electronics,1599.0,2599.0,38,4.3,1801.0
Electronics,699.0,1199.0,42,4.0,14404.0
Electronics,99.0,999.0,90,4.4,305.0
Electronics,7915.0,9999.0,21,4.3,1376.0
Electronics,1499.0,7999.0,81,4.2,22638.0
Electronics,1055.0,1249.0,16,3.8,2352.0
Electronics,150.0,599.0,75,4.3,714.0
Computers&Accessories,219.0,700.0,69,4.3,20052.0
Electronics,474.0,1799.0,74,4.3,1454.0
Computers&Accessories,115.0,499.0,77,4.0,7732.0
Electronics,239.0,599.0,60,3.9,2147.0
Electronics,7499.0,9499.0,21,4.1,313832.0
Electronics,265.0,999.0,73,3.7,465.0
Electronics,37990.0,74999.0,49,4.2,27790.0
Computers&Accessories,199.0,499.0,60,4.1,602.0
Computers&Accessories,179.0,399.0,55,4.0,1423.0
Electronics,1799.0,3999.0,55,4.6,245.0
Electronics,8499.0,11999.0,29,3.9,276.0
Electronics,1999.0,3999.0,50,4.0,30254.0
Electronics,3999.0,17999.0,78,4.3,17161.0
Electronics,219.0,499.0,56,4.4,14.0
Electronics,599.0,1399.0,57,4.1,14560.0
Electronics,2499.0,2999.0,17,4.1,3156.0
Electronics,89.0,499.0,82,4.1,9340.0
Electronics,2999.0,11999.0,75,4.4,768.0
Electronics,314.0,1499.0,79,4.5,28978.0
Electronics,13999.0,19499.0,28,4.1,18998.0
Electronics,139.0,499.0,72,4.2,4971.0
Electronics,2599.0,6999.0,63,4.5,1526.0
Electronics,365.0,999.0,63,4.1,363711.0
Electronics,1499.0,4490.0,67,3.9,136954.0
Electronics,1998.0,9999.0,80,4.3,27709.0
Electronics,1799.0,7990.0,77,3.8,17833.0
Computers&Accessories,289.0,650.0,56,4.3,253105.0
Computers&Accessories,599.0,895.0,33,4.4,61314.0
Computers&Accessories,217.0,237.0,8,3.8,7354.0
Electronics,1299.0,2990.0,57,3.8,180998.0
Computers&Accessories,263.0,699.0,62,3.5,690.0
Electronics,569.0,1000.0,43,4.4,67262.0
Electronics,1999.0,4999.0,60,4.1,10689.0
Electronics,1399.0,3990.0,65,4.1,141841.0
Computers&Accessories,349.0,1499.0,77,4.3,24791.0
Electronics,149.0,399.0,63,3.5,21764.0
Electronics,599.0,999.0,40,4.1,192587.0
Electronics,1220.0,3990.0,69,4.1,107151.0
Electronics,1499.0,6990.0,79,3.9,21797.0
Electronics,499.0,999.0,50,3.9,92995.0
Computers&Accessories,99.0,999.0,90,4.1,8751.0
Electronics,349.0,1299.0,73,4.0,14283.0
Computers&Accessories,475.0,1500.0,68,4.2,64273.0
Computers&Accessories,269.0,649.0,59,4.3,54315.0
Computers&Accessories,299.0,599.0,50,4.1,1597.0
Electronics,1599.0,3999.0,60,4.0,30254.0
Electronics,1499.0,7999.0,81,4.2,22638.0
Electronics,329.0,999.0,67,3.9,77027.0
Computers&Accessories,549.0,1799.0,69,4.3,28829.0
Electronics,2199.0,9999.0,78,4.2,29478.0
Computers&Accessories,299.0,650.0,54,4.5,33176.0
MusicalInstruments,798.0,1995.0,60,4.0,68664.0
Computers&Accessories,399.0,1099.0,64,4.2,24269.0
Electronics,266.0,315.0,16,4.5,28030.0
OfficeProducts,50.0,50.0,0,4.3,5792.0
Home&Kitchen,130.0,165.0,21,3.9,14778.0
Electronics,449.0,1290.0,65,4.1,91770.0
Electronics,3999.0,16999.0,76,4.3,17162.0
Electronics,399.0,1290.0,69,4.2,206.0
Computers&Accessories,1399.0,2498.0,44,4.2,33717.0
Computers&Accessories,199.0,349.0,43,4.0,43994.0
Computers&Accessories,199.0,999.0,80,3.9,7928.0
Electronics,2998.0,5999.0,50,4.1,5179.0
Computers&Accessories,4098.0,4999.0,18,4.5,50810.0
Electronics,499.0,1999.0,75,3.7,3369.0
Computers&Accessories,299.0,449.0,33,3.5,11827.0
Computers&Accessories,329.0,699.0,53,4.2,94364.0
Computers&Accessories,699.0,999.0,30,3.5,15295.0
Electronics,799.0,3990.0,80,4.3,27139.0
Electronics,1399.0,5499.0,75,3.9,9504.0
Computers&Accessories,154.0,399.0,61,4.2,16905.0
Computers&Accessories,519.0,1350.0,62,4.3,30058.0
Electronics,2299.0,7990.0,71,4.2,69619.0
Electronics,399.0,1999.0,80,4.0,3382.0
Electronics,1499.0,3990.0,62,4.1,109864.0
OfficeProducts,1295.0,1295.0,0,4.5,5760.0
Computers&Accessories,1889.0,5499.0,66,4.2,49551.0
Electronics,455.0,1490.0,69,4.1,161677.0
Electronics,399.0,995.0,60,3.9,21372.0
Electronics,1059.0,3999.0,74,4.3,140035.0
Computers&Accessories,149.0,1000.0,85,3.9,24870.0
Computers&Accessories,717.0,761.0,6,4.0,7199.0
Computers&Accessories,99.0,999.0,90,4.0,1396.0
Computers&Accessories,39.0,299.0,87,3.5,15233.0
Computers&Accessories,889.0,2500.0,64,4.3,55747.0
Electronics,1199.0,4999.0,76,3.8,14961.0
Computers&Accessories,569.0,1299.0,56,4.4,9275.0
Electronics,1499.0,8999.0,83,3.7,28324.0
Electronics,149.0,180.0,17,4.4,644.0
Computers&Accessories,399.0,549.0,27,4.4,18139.0
Home&Kitchen,191.0,225.0,15,4.4,7203.0
Computers&Accessories,129.0,999.0,87,4.2,491.0
Computers&Accessories,199.0,599.0,67,4.5,13568.0
Electronics,999.0,4499.0,78,3.8,3390.0
Electronics,899.0,4499.0,80,3.8,103052.0
Electronics,1799.0,2499.0,28,4.1,18678.0
Computers&Accessories,176.63,499.0,65,4.1,15189.0
OfficeProducts,522.0,550.0,5,4.4,12179.0
Electronics,799.0,1999.0,60,3.8,12958.0
Computers&Accessories,681.0,1199.0,43,4.2,8258.0
Computers&Accessories,1199.0,3490.0,66,4.1,11716.0
Computers&Accessories,2499.0,4999.0,50,4.4,35024.0
Electronics,1799.0,4999.0,64,4.1,55192.0
Electronics,429.0,599.0,28,4.1,119466.0
Computers&Accessories,100.0,499.0,80,3.5,9638.0
Computers&Accessories,329.0,399.0,18,3.6,33735.0
Computers&Accessories,229.0,299.0,23,4.3,30411.0
Computers&Accessories,139.0,299.0,54,3.8,3044.0
Electronics,1199.0,2499.0,52,4.0,33584.0
Electronics,1049.0,2299.0,54,3.9,1779.0
Electronics,119.0,299.0,60,4.1,5999.0
Computers&Accessories,154.0,339.0,55,4.3,13391.0
Electronics,225.0,250.0,10,4.4,26556.0
Computers&Accessories,656.0,1499.0,56,4.3,25903.0
Computers&Accessories,1109.0,2800.0,60,4.3,53464.0
Electronics,2999.0,7990.0,62,4.1,48448.0
Computers&Accessories,169.0,299.0,43,4.4,5176.0
Computers&Accessories,309.0,404.0,24,4.4,8614.0
Electronics,599.0,1399.0,57,3.8,60026.0
Computers&Accessories,299.0,599.0,50,3.8,3066.0
Computers&Accessories,449.0,999.0,55,4.0,2102.0
Computers&Accessories,799.0,1295.0,38,4.4,34852.0
Electronics,219.0,700.0,69,4.4,426972.0
OfficeProducts,157.0,160.0,2,4.5,8618.0
Electronics,369.0,1600.0,77,4.0,32625.0
Computers&Accessories,599.0,899.0,33,4.0,4018.0
Electronics,479.0,599.0,20,4.3,11687.0
Computers&Accessories,350.0,899.0,61,4.2,2262.0
Electronics,1598.0,2990.0,47,3.8,11015.0
Computers&Accessories,599.0,899.0,33,4.3,95116.0
Computers&Accessories,159.0,399.0,60,4.1,4768.0
Computers&Accessories,1299.0,3000.0,57,4.3,23022.0
Electronics,1599.0,4999.0,68,4.0,67951.0
Computers&Accessories,294.0,4999.0,94,4.3,4426.0
Computers&Accessories,828.0,861.0,4,4.2,4567.0
Electronics,745.0,795.0,6,4.0,13797.0
Electronics,1549.0,2495.0,38,4.4,15137.0
Computers&Accessories,349.0,399.0,13,4.4,18757.0
Computers&Accessories,970.0,1799.0,46,4.5,815.0
Computers&Accessories,1469.0,2499.0,41,4.2,156638.0
OfficeProducts,198.0,800.0,75,4.1,9344.0
Electronics,549.0,549.0,0,4.5,4875.0
Electronics,2999.0,9999.0,70,4.2,20881.0
Electronics,12000.0,29999.0,60,4.3,4744.0
Electronics,1299.0,3499.0,63,3.9,12452.0
Electronics,269.0,315.0,15,4.5,17810.0
Electronics,799.0,1499.0,47,4.1,53648.0
Computers&Accessories,6299.0,13750.0,54,4.2,2014.0
Computers&Accessories,59.0,59.0,0,3.8,5958.0
Electronics,571.0,999.0,43,4.3,38221.0
Electronics,549.0,999.0,45,3.9,64705.0
Electronics,2099.0,5999.0,65,4.3,17129.0
Electronics,13490.0,21990.0,39,4.3,11976.0
Computers&Accessories,448.0,699.0,36,3.9,17348.0
Electronics,1499.0,2999.0,50,3.7,87798.0
Electronics,299.0,499.0,40,4.2,24432.0
Computers&Accessories,579.0,1400.0,59,4.3,189104.0
Electronics,2499.0,3299.0,24,4.2,93112.0
Electronics,1199.0,5999.0,80,3.9,47521.0
Electronics,399.0,499.0,20,4.3,27201.0
Electronics,279.0,499.0,44,3.7,10962.0
Electronics,13490.0,22900.0,41,4.3,16299.0
Computers&Accessories,279.0,375.0,26,4.3,31534.0
Electronics,2499.0,4999.0,50,3.9,7571.0
OfficeProducts,137.0,160.0,14,4.4,6537.0
Computers&Accessories,59.0,199.0,70,4.0,9377.0
Computers&Accessories,299.0,499.0,40,4.5,21010.0
Electronics,1799.0,3999.0,55,3.9,3517.0
Electronics,1999.0,2999.0,33,4.3,63899.0
Electronics,199.0,699.0,72,4.2,12153.0
Computers&Accessories,399.0,1499.0,73,4.1,5730.0
Computers&Accessories,1699.0,3999.0,58,4.2,25488.0
Computers&Accessories,699.0,995.0,30,4.5,54405.0
Electronics,95.0,499.0,81,4.2,1949.0
Computers&Accessories,1149.0,1699.0,32,4.2,122478.0
Computers&Accessories,1495.0,1995.0,25,4.3,7241.0
Computers&Accessories,849.0,4999.0,83,4.0,20457.0
OfficeProducts,440.0,440.0,0,4.5,8610.0
Electronics,349.0,999.0,65,3.8,16557.0
Computers&Accessories,599.0,3999.0,85,3.9,1087.0
Computers&Accessories,149.0,399.0,63,4.0,1540.0
Computers&Accessories,289.0,999.0,71,4.1,401.0
Computers&Accessories,179.0,499.0,64,3.4,9385.0
Electronics,1499.0,4999.0,70,4.0,92588.0
Electronics,399.0,699.0,43,3.4,3454.0
Computers&Accessories,599.0,799.0,25,4.3,15790.0
Computers&Accessories,949.0,2000.0,53,3.9,14969.0
Electronics,2499.0,9999.0,75,4.1,42139.0
Electronics,159.0,180.0,12,4.3,989.0
Electronics,1329.0,2900.0,54,4.5,19624.0
Computers&Accessories,570.0,999.0,43,4.2,3201.0
Electronics,899.0,1999.0,55,4.1,30469.0
Computers&Accessories,449.0,999.0,55,4.4,9940.0
Computers&Accessories,549.0,999.0,45,4.3,7758.0
Computers&Accessories,1529.0,2399.0,36,4.3,68409.0
OfficeProducts,100.0,100.0,0,4.3,3095.0
Computers&Accessories,299.0,1499.0,80,4.2,903.0
Computers&Accessories,1295.0,1795.0,28,4.1,25771.0
Electronics,699.0,999.0,30,4.1,273189.0
OfficeProducts,252.0,315.0,20,4.5,3785.0
Electronics,190.0,220.0,14,4.4,2866.0
Computers&Accessories,1299.0,1599.0,19,4.3,27223.0
Computers&Accessories,729.0,1650.0,56,4.3,82356.0
OfficeProducts,480.0,600.0,20,4.3,5719.0
Electronics,1799.0,6990.0,74,4.0,26880.0
Computers&Accessories,999.0,2499.0,60,4.3,1690.0
Computers&Accessories,299.0,399.0,25,4.0,2766.0
Computers&Accessories,238.0,699.0,66,4.4,8372.0
Computers&Accessories,1349.0,2198.0,39,4.0,7113.0
Computers&Accessories,299.0,999.0,70,4.3,20850.0
Computers&Accessories,199.0,499.0,60,3.3,2804.0
Electronics,1999.0,9999.0,80,3.7,1986.0
Electronics,99.0,499.0,80,4.1,2451.0
Computers&Accessories,499.0,1000.0,50,5.0,23.0
Computers&Accessories,1792.0,3500.0,49,4.5,26194.0
Computers&Accessories,3299.0,4100.0,20,3.9,15783.0
OfficeProducts,125.0,180.0,31,4.4,8053.0
Computers&Accessories,399.0,1190.0,66,4.1,2809.0
Electronics,1199.0,7999.0,85,3.6,25910.0
Computers&Accessories,235.0,1599.0,85,3.8,1173.0
Computers&Accessories,549.0,1999.0,73,3.6,6422.0
Computers&Accessories,89.0,99.0,10,4.2,241.0
Computers&Accessories,970.0,1999.0,51,4.4,184.0
Electronics,1299.0,2999.0,57,3.8,14629.0
Computers&Accessories,230.0,999.0,77,4.2,1528.0
Electronics,119.0,499.0,76,4.3,15032.0
Electronics,449.0,800.0,44,4.4,69585.0
Electronics,1699.0,3495.0,51,4.1,14371.0
OfficeProducts,561.0,720.0,22,4.4,3182.0
Computers&Accessories,289.0,590.0,51,4.4,25886.0
Computers&Accessories,599.0,1999.0,70,4.4,4736.0
Computers&Accessories,5599.0,7350.0,24,4.4,73005.0
Computers&Accessories,1990.0,2595.0,23,4.3,20398.0
Computers&Accessories,499.0,799.0,38,4.3,2125.0
Computers&Accessories,449.0,999.0,55,4.3,11330.0
Computers&Accessories,999.0,1999.0,50,4.2,27441.0
Computers&Accessories,69.0,299.0,77,4.3,255.0
Computers&Accessories,899.0,1499.0,40,4.2,23174.0
MusicalInstruments,478.0,699.0,32,3.8,20218.0
Computers&Accessories,1399.0,2490.0,44,4.3,11074.0
Computers&Accessories,199.0,750.0,73,4.5,74976.0
Computers&Accessories,149.0,499.0,70,4.1,25607.0
Electronics,1799.0,4990.0,64,4.2,41226.0
HomeImprovement,425.0,999.0,57,4.0,2581.0
Electronics,999.0,2490.0,60,4.1,18331.0
Computers&Accessories,378.0,999.0,62,4.1,1779.0
OfficeProducts,99.0,99.0,0,4.3,388.0
Computers&Accessories,1499.0,2999.0,50,4.5,8656.0
Computers&Accessories,1815.0,3100.0,41,4.5,92925.0
OfficeProducts,67.0,75.0,11,4.1,1269.0
Computers&Accessories,1889.0,2699.0,30,4.3,17394.0
Electronics,499.0,1499.0,67,3.6,9169.0
Computers&Accessories,499.0,999.0,50,4.4,1030.0
Computers&Accessories,5799.0,7999.0,28,4.5,50273.0
Electronics,499.0,799.0,38,3.9,6742.0
Computers&Accessories,249.0,600.0,59,4.0,1208.0
Computers&Accessories,179.0,499.0,64,4.0,1933.0
Computers&Accessories,4449.0,5734.0,22,4.4,25006.0
Computers&Accessories,299.0,550.0,46,4.6,33434.0
Computers&Accessories,629.0,1390.0,55,4.4,6301.0
Computers&Accessories,2595.0,3295.0,21,4.4,22618.0
Computers&Accessories,389.0,1099.0,65,4.3,974.0
Computers&Accessories,1799.0,2911.0,38,4.3,20342.0
OfficeProducts,90.0,175.0,49,4.4,7429.0
Computers&Accessories,599.0,599.0,0,4.0,26423.0
Electronics,1999.0,7999.0,75,4.2,31305.0
Computers&Accessories,2099.0,3250.0,35,3.8,11213.0
Computers&Accessories,179.0,499.0,64,4.1,10174.0
Computers&Accessories,1345.0,2295.0,41,4.2,17413.0
Electronics,349.0,995.0,65,4.2,6676.0
Computers&Accessories,287.0,499.0,42,4.4,8076.0
Computers&Accessories,599.0,599.0,0,4.3,355.0
Computers&Accessories,349.0,450.0,22,4.1,18656.0
Electronics,879.0,1109.0,21,4.4,31599.0
Computers&Accessories,199.0,999.0,80,3.9,1075.0
Electronics,250.0,250.0,0,3.9,13971.0
Electronics,199.0,499.0,60,3.6,2492.0
Computers&Accessories,899.0,1900.0,53,4.4,13552.0
Computers&Accessories,199.0,999.0,80,4.0,575.0
Computers&Accessories,149.0,999.0,85,3.5,2523.0
Computers&Accessories,469.0,1499.0,69,4.1,352.0
Computers&Accessories,1187.0,1929.0,38,4.1,1662.0
Computers&Accessories,849.0,1499.0,43,4.0,7352.0
Computers&Accessories,328.0,399.0,18,4.1,3441.0
Computers&Accessories,269.0,699.0,62,4.0,93.0
Electronics,299.0,400.0,25,3.8,40895.0
Computers&Accessories,549.0,1499.0,63,4.3,11006.0
OfficeProducts,114.0,120.0,5,4.2,8938.0
OfficeProducts,120.0,120.0,0,4.1,4308.0
Computers&Accessories,970.0,1999.0,51,4.2,462.0
Computers&Accessories,209.0,695.0,70,4.5,107686.0
Computers&Accessories,1490.0,2295.0,35,4.6,10652.0
Home&Kitchen,99.0,99.0,0,4.3,5036.0
Computers&Accessories,149.0,249.0,40,4.0,5057.0
Computers&Accessories,575.0,2799.0,79,4.2,8537.0
Computers&Accessories,333.0,999.0,67,3.3,9792.0
OfficeProducts,178.0,210.0,15,4.3,2450.0
Electronics,1599.0,3490.0,54,3.7,676.0
Electronics,499.0,1299.0,62,3.9,1173.0
Computers&Accessories,199.0,499.0,60,4.3,9998.0
Electronics,2499.0,5999.0,58,4.1,5852.0
Computers&Accessories,199.0,999.0,80,4.2,362.0
Electronics,939.0,1800.0,48,4.5,205052.0
Electronics,2499.0,9999.0,75,4.0,9090.0
Computers&Accessories,1439.0,2890.0,50,4.5,4099.0
Electronics,1099.0,5999.0,82,3.5,12966.0
OfficeProducts,157.0,160.0,2,4.5,4428.0
Computers&Accessories,999.0,1599.0,38,4.3,12093.0
Computers&Accessories,115.0,999.0,88,3.3,5692.0
Computers&Accessories,175.0,499.0,65,4.1,21.0
Electronics,1999.0,4700.0,57,3.8,1880.0
Computers&Accessories,3999.0,4332.96,8,3.5,21762.0
Computers&Accessories,899.0,1800.0,50,4.1,22375.0
Computers&Accessories,299.0,990.0,70,4.5,2453.0
Computers&Accessories,3303.0,4699.0,30,4.4,13544.0
Computers&Accessories,1890.0,5490.0,66,4.1,10976.0
OfficeProducts,90.0,100.0,10,4.3,3061.0
Electronics,1599.0,2790.0,43,3.6,2272.0
Computers&Accessories,599.0,999.0,40,4.0,7601.0
Computers&Accessories,507.0,1208.0,58,4.1,8131.0
Computers&Accessories,425.0,899.0,53,4.5,4219.0
Electronics,1499.0,3999.0,63,4.2,42775.0
Computers&Accessories,549.0,2499.0,78,4.3,5556.0
Computers&Accessories,199.0,395.0,50,4.2,92595.0
Computers&Accessories,1295.0,1645.0,21,4.6,12375.0
Home&Kitchen,310.0,310.0,0,4.5,5882.0
Computers&Accessories,149.0,149.0,0,4.3,10833.0
Computers&Accessories,1149.0,1499.0,23,4.1,10443.0
Computers&Accessories,499.0,1299.0,62,4.5,434.0
Electronics,999.0,4199.0,76,3.5,1913.0
Computers&Accessories,1709.0,4000.0,57,4.4,3029.0
OfficeProducts,250.0,250.0,0,4.2,2628.0
Computers&Accessories,1199.0,2199.0,45,4.4,24780.0
Home&Kitchen,90.0,100.0,10,4.4,10718.0
Electronics,2025.0,5999.0,66,4.2,6233.0
Computers&Accessories,1495.0,1995.0,25,4.5,10541.0
Computers&Accessories,799.0,2100.0,62,4.3,8188.0
Electronics,899.0,1199.0,25,3.8,10751.0
Computers&Accessories,349.0,999.0,65,3.9,817.0
Electronics,900.0,2499.0,64,4.0,36384.0
Electronics,2490.0,3990.0,38,4.1,3606.0
Electronics,116.0,200.0,42,4.4,357.0
Home&Kitchen,200.0,230.0,13,4.4,10170.0
Computers&Accessories,1249.0,2796.0,55,4.4,4598.0
Computers&Accessories,649.0,999.0,35,3.5,7222.0
Computers&Accessories,2649.0,3499.0,24,4.5,1271.0
Computers&Accessories,199.0,349.0,43,4.1,314.0
Computers&Accessories,596.0,723.0,18,4.4,3219.0
Electronics,2499.0,5999.0,58,4.1,38879.0
Electronics,4999.0,12499.0,60,4.2,4541.0
Electronics,399.0,1290.0,69,4.2,76042.0
Electronics,116.0,200.0,42,4.3,485.0
Electronics,4499.0,5999.0,25,4.3,44696.0
Computers&Accessories,330.0,499.0,34,3.7,8566.0
Electronics,649.0,2499.0,74,3.9,13049.0
Computers&Accessories,1234.0,1599.0,23,4.5,16680.0
Electronics,1399.0,2990.0,53,4.1,97174.0
OfficeProducts,272.0,320.0,15,4.0,3686.0
Electronics,99.0,999.0,90,3.8,594.0
Computers&Accessories,3498.0,3875.0,10,3.4,12185.0
Computers&Accessories,10099.0,19110.0,47,4.3,2623.0
Computers&Accessories,449.0,999.0,55,4.3,9701.0
Toys&Games,150.0,150.0,0,4.3,15867.0
Computers&Accessories,348.0,1499.0,77,4.2,656.0
Computers&Accessories,1199.0,2999.0,60,4.1,10725.0
Computers&Accessories,397.0,899.0,56,4.0,3025.0
Computers&Accessories,154.0,349.0,56,4.3,7064.0
Computers&Accessories,699.0,1490.0,53,4.0,5736.0
Electronics,1679.0,1999.0,16,4.1,72563.0
Computers&Accessories,354.0,1500.0,76,4.0,1026.0
Computers&Accessories,1199.0,5499.0,78,3.8,2043.0
Computers&Accessories,379.0,1499.0,75,4.2,4149.0
Computers&Accessories,499.0,775.0,36,4.3,74.0
Computers&Accessories,10389.0,32000.0,68,4.4,41398.0
Computers&Accessories,649.0,1300.0,50,4.1,5195.0
Computers&Accessories,1199.0,1999.0,40,4.5,22420.0
Computers&Accessories,139.0,999.0,86,4.0,1313.0
Electronics,889.0,1999.0,56,4.2,2284.0
Computers&Accessories,1409.0,2199.0,36,3.9,427.0
Computers&Accessories,549.0,1999.0,73,4.3,1367.0
Computers&Accessories,749.0,1799.0,58,4.0,13199.0
Computers&Accessories,329.0,845.0,61,4.2,29746.0
Computers&Accessories,379.0,1099.0,66,4.3,2806.0
Electronics,5998.0,7999.0,25,4.2,30355.0
Computers&Accessories,299.0,1499.0,80,4.2,2868.0
Computers&Accessories,379.0,1499.0,75,4.1,670.0
OfficeProducts,1399.0,2999.0,53,4.3,3530.0
Electronics,699.0,1299.0,46,4.3,6183.0
OfficeProducts,300.0,300.0,0,4.2,419.0
Computers&Accessories,999.0,1995.0,50,4.5,7317.0
OfficeProducts,535.0,535.0,0,4.4,4426.0
Electronics,13999.0,24999.0,44,4.2,45237.0
Computers&Accessories,269.0,1099.0,76,4.1,1092.0
OfficeProducts,341.0,450.0,24,4.3,2493.0
Computers&Accessories,2499.0,3999.0,38,4.4,12679.0
Computers&Accessories,349.0,599.0,42,4.1,210.0
Computers&Accessories,5899.0,7005.0,16,3.6,4199.0
Electronics,699.0,1199.0,42,4.0,14403.0
Computers&Accessories,1565.0,2999.0,48,4.0,11113.0
Electronics,326.0,799.0,59,4.4,10773.0
Electronics,120.0,999.0,88,3.9,6491.0
Computers&Accessories,657.0,999.0,34,4.3,13944.0
Computers&Accessories,1995.0,2895.0,31,4.6,10760.0
Electronics,1500.0,1500.0,0,4.4,25996.0
Computers&Accessories,2640.0,3195.0,17,4.5,16146.0
Computers&Accessories,5299.0,6355.0,17,3.9,8280.0
Computers&Accessories,263.0,699.0,62,4.1,450.0
Computers&Accessories,1990.0,2999.0,34,4.3,14237.0
Electronics,1289.0,1499.0,14,4.5,20668.0
OfficeProducts,165.0,165.0,0,4.5,1674.0
Computers&Accessories,1699.0,3499.0,51,3.6,7689.0
Electronics,2299.0,7500.0,69,4.1,5554.0
Computers&Accessories,219.0,700.0,69,4.3,20053.0
Computers&Accessories,39.0,39.0,0,3.8,3344.0
Computers&Accessories,26999.0,37999.0,29,4.6,2886.0
Electronics,1490.0,1990.0,25,4.1,98250.0
Computers&Accessories,398.0,1949.0,80,4.0,75.0
Computers&Accessories,349.0,899.0,61,4.5,149.0
Computers&Accessories,770.0,1547.0,50,4.3,2585.0
Electronics,279.0,1299.0,79,4.0,5072.0
HomeImprovement,249.0,599.0,58,4.5,5985.0
Computers&Accessories,115.0,499.0,77,4.0,7732.0
Home&Kitchen,230.0,230.0,0,4.5,9427.0
Computers&Accessories,399.0,999.0,60,4.1,1780.0
Computers&Accessories,599.0,700.0,14,4.3,2301.0
Computers&Accessories,598.0,1150.0,48,4.1,2535.0
Computers&Accessories,399.0,1499.0,73,4.0,691.0
Computers&Accessories,499.0,1299.0,62,4.1,2740.0
Computers&Accessories,199.0,499.0,60,4.1,602.0
Computers&Accessories,579.0,1090.0,47,4.4,3482.0
Computers&Accessories,179.0,399.0,55,4.0,1423.0
OfficeProducts,90.0,100.0,10,4.1,6199.0
Computers&Accessories,899.0,1999.0,55,4.4,1667.0
Computers&Accessories,1149.0,1800.0,36,4.3,4723.0
Computers&Accessories,249.0,499.0,50,4.2,22860.0
Computers&Accessories,39.0,39.0,0,3.6,13572.0
Computers&Accessories,1599.0,3599.0,56,4.2,16182.0
Electronics,1199.0,3990.0,70,4.2,2908.0
Computers&Accessories,209.0,499.0,58,3.9,536.0
Computers&Accessories,1099.0,1499.0,27,4.2,2375.0
OfficeProducts,120.0,120.0,0,4.5,4951.0
Computers&Accessories,1519.0,3499.0,57,4.3,408.0
OfficeProducts,420.0,420.0,0,4.2,1926.0
OfficeProducts,225.0,225.0,0,4.1,4798.0
Computers&Accessories,199.0,799.0,75,4.1,7333.0
Electronics,1799.0,3999.0,55,4.6,245.0
Computers&Accessories,8349.0,9625.0,13,3.8,3652.0
Computers&Accessories,3307.0,6100.0,46,4.3,2515.0
Computers&Accessories,325.0,1299.0,75,4.2,10576.0
Computers&Accessories,449.0,1300.0,65,4.2,4959.0
Electronics,380.0,400.0,5,4.4,2111.0
Computers&Accessories,499.0,1399.0,64,3.9,1462.0
Computers&Accessories,37247.0,59890.0,38,4.0,323.0
Electronics,849.0,2490.0,66,4.2,91188.0
Electronics,799.0,1999.0,60,3.7,418.0
Electronics,2599.0,6999.0,63,4.5,1526.0
Computers&Accessories,199.0,999.0,80,4.5,127.0
Computers&Accessories,269.0,800.0,66,3.6,10134.0
Computers&Accessories,298.0,999.0,70,4.3,1552.0
Electronics,1499.0,2999.0,50,4.1,25262.0
Home&Kitchen,649.0,1245.0,48,3.9,123365.0
Home&Kitchen,1199.0,1695.0,29,3.6,13300.0
Home&Kitchen,1199.0,2000.0,40,4.0,18543.0
Home&Kitchen,455.0,999.0,54,4.1,3578.0
Home&Kitchen,199.0,1999.0,90,3.7,2031.0
Home&Kitchen,293.0,499.0,41,3.9,44994.0
Home&Kitchen,199.0,495.0,60,4.1,270563.0
Home&Kitchen,749.0,1245.0,40,3.9,31783.0
Home&Kitchen,1399.0,1549.0,10,3.9,2602.0
Home&Kitchen,749.0,1445.0,48,3.9,63350.0
Home&Kitchen,1699.0,3193.0,47,3.8,54032.0
Home&Kitchen,1043.0,1345.0,22,3.8,15592.0
Home&Kitchen,499.0,999.0,50,4.1,4859.0
Home&Kitchen,1464.0,1650.0,11,4.1,14120.0
Home&Kitchen,249.0,499.0,50,3.3,8427.0
Home&Kitchen,625.0,1400.0,55,4.2,23316.0
Home&Kitchen,1290.0,2500.0,48,4.0,6530.0
Home&Kitchen,3600.0,6190.0,42,4.3,11924.0
Home&Kitchen,6549.0,13999.0,53,4.0,2961.0
Home&Kitchen,1625.0,2995.0,46,4.5,23484.0
Home&Kitchen,2599.0,5890.0,56,4.1,21783.0
Home&Kitchen,1199.0,2000.0,40,4.0,14030.0
Home&Kitchen,5499.0,13150.0,58,4.2,6398.0
Home&Kitchen,1299.0,3500.0,63,3.8,44050.0
Home&Kitchen,599.0,785.0,24,4.2,24247.0
Home&Kitchen,1999.0,3210.0,38,4.2,41349.0
Home&Kitchen,549.0,1000.0,45,3.6,1074.0
Home&Kitchen,999.0,2000.0,50,3.8,1163.0
Home&Kitchen,398.0,1999.0,80,4.1,257.0
Home&Kitchen,539.0,720.0,25,4.1,36017.0
Home&Kitchen,699.0,1595.0,56,4.1,8090.0
Home&Kitchen,2148.0,3645.0,41,4.1,31388.0
Home&Kitchen,3599.0,7950.0,55,4.2,136.0
Home&Kitchen,351.0,999.0,65,4.0,5380.0
Home&Kitchen,1614.0,1745.0,8,4.3,37974.0
Home&Kitchen,719.0,1295.0,44,4.2,17218.0
Home&Kitchen,678.0,1499.0,55,4.2,900.0
Home&Kitchen,809.0,1545.0,48,3.7,976.0
Home&Kitchen,1969.0,5000.0,61,4.1,4927.0
Home&Kitchen,1490.0,1695.0,12,4.4,3543.0
Home&Kitchen,2499.0,3945.0,37,3.8,2732.0
Home&Kitchen,1665.0,2099.0,21,4.0,14368.0
Home&Kitchen,3229.0,5295.0,39,4.2,39724.0
Home&Kitchen,1799.0,3595.0,50,3.8,9791.0
Home&Kitchen,1260.0,1699.0,26,4.2,2891.0
Home&Kitchen,749.0,1129.0,34,4.0,2446.0
Home&Kitchen,3499.0,5795.0,40,3.9,25340.0
Home&Kitchen,379.0,999.0,62,4.3,3096.0
Home&Kitchen,1099.0,2400.0,54,3.8,4.0
Home&Kitchen,749.0,1299.0,42,4.0,119.0
Home&Kitchen,1299.0,1299.0,0,4.2,40106.0
Home&Kitchen,549.0,1090.0,50,4.2,13029.0
Home&Kitchen,899.0,2000.0,55,3.6,291.0
Home&Kitchen,1321.0,1545.0,14,4.3,15453.0
Home&Kitchen,1099.0,1999.0,45,4.0,604.0
Home&Kitchen,775.0,875.0,11,4.2,46647.0
Home&Kitchen,6299.0,15270.0,59,4.1,3233.0
Home&Kitchen,3190.0,4195.0,24,4.0,1282.0
Home&Kitchen,799.0,1989.0,60,4.3,70.0
Home&Kitchen,2699.0,5000.0,46,4.0,26164.0
Home&Kitchen,599.0,990.0,39,3.9,16166.0
Home&Kitchen,749.0,1111.0,33,4.2,35693.0
Home&Kitchen,6199.0,10400.0,40,4.1,14391.0
Home&Kitchen,1819.0,2490.0,27,4.4,7946.0
Home&Kitchen,1199.0,1900.0,37,4.0,1765.0
Home&Kitchen,3249.0,6295.0,48,3.8,14062.0
Home&Kitchen,349.0,999.0,65,4.0,15646.0
Home&Kitchen,1049.0,1699.0,38,3.1,111.0
Home&Kitchen,799.0,1500.0,47,4.3,9695.0
Home&Kitchen,4999.0,9650.0,48,4.2,1772.0
Home&Kitchen,6999.0,10590.0,34,4.4,11499.0
Home&Kitchen,799.0,1999.0,60,4.1,2162.0
Home&Kitchen,89.0,89.0,0,4.2,19621.0
Home&Kitchen,1400.0,2485.0,44,4.1,19998.0
Home&Kitchen,355.0,899.0,61,4.1,1051.0
Home&Kitchen,2169.0,3279.0,34,4.1,1716.0
Home&Kitchen,2799.0,3799.0,26,3.9,32931.0
Home&Kitchen,899.0,1249.0,28,3.9,17424.0
Home&Kitchen,2499.0,5000.0,50,3.8,1889.0
Home&Kitchen,3599.0,7299.0,51,4.0,10324.0
Home&Kitchen,499.0,625.0,20,4.2,5355.0
Home&Kitchen,653.0,1020.0,36,4.1,3366.0
Home&Kitchen,4789.0,8990.0,47,4.3,1017.0
Home&Kitchen,1409.0,1639.0,14,3.7,787.0
Home&Kitchen,753.0,899.0,16,4.2,18462.0
Home&Kitchen,353.0,1199.0,71,4.3,629.0
Home&Kitchen,1099.0,1899.0,42,4.3,15276.0
Home&Kitchen,8799.0,11595.0,24,4.4,2981.0
Home&Kitchen,1345.0,1750.0,23,3.8,2466.0
Home&Kitchen,2095.0,2095.0,0,4.5,7949.0
Home&Kitchen,1498.0,2300.0,35,3.8,95.0
Home&Kitchen,2199.0,2990.0,26,3.8,1558.0
Home&Kitchen,3699.0,4295.0,14,4.1,26543.0
Home&Kitchen,177.0,199.0,11,4.1,3688.0
Home&Kitchen,1149.0,2499.0,54,3.8,4383.0
Home&Kitchen,244.0,499.0,51,3.3,478.0
Home&Kitchen,1959.0,2400.0,18,4.0,237.0
Home&Kitchen,319.0,749.0,57,4.6,124.0
Home&Kitchen,1499.0,1775.0,16,3.9,14667.0
Home&Kitchen,469.0,1599.0,71,3.7,6.0
Home&Kitchen,1099.0,1795.0,39,4.2,4244.0
Home&Kitchen,9590.0,15999.0,40,4.1,1017.0
Home&Kitchen,999.0,1490.0,33,4.1,12999.0
Home&Kitchen,1299.0,1999.0,35,3.8,311.0
Home&Kitchen,292.0,499.0,41,4.1,4238.0
Home&Kitchen,160.0,299.0,46,4.6,2781.0
Home&Kitchen,600.0,600.0,0,4.1,10907.0
Home&Kitchen,1130.0,1130.0,0,4.2,13250.0
Home&Kitchen,3249.0,6295.0,48,3.9,43070.0
Home&Kitchen,3599.0,9455.0,62,4.1,11828.0
Home&Kitchen,368.0,699.0,47,4.1,1240.0
Home&Kitchen,3199.0,4999.0,36,4.0,20869.0
Home&Kitchen,1599.0,2900.0,45,3.7,441.0
Home&Kitchen,1999.0,2499.0,20,4.1,1034.0
Home&Kitchen,616.0,1190.0,48,4.1,37126.0
Home&Kitchen,1499.0,2100.0,29,4.1,6355.0
Home&Kitchen,199.0,499.0,60,3.3,12.0
Home&Kitchen,610.0,825.0,26,4.1,13165.0
Home&Kitchen,999.0,1499.0,33,4.1,1646.0
Home&Kitchen,8999.0,9995.0,10,4.4,17994.0
Home&Kitchen,453.0,999.0,55,4.3,610.0
Home&Kitchen,2464.0,6000.0,59,4.1,8866.0
Home&Kitchen,2719.0,3945.0,31,3.7,13406.0
Home&Kitchen,1439.0,1999.0,28,4.8,53803.0
Home&Kitchen,2799.0,3499.0,20,4.5,546.0
Home&Kitchen,2088.0,5550.0,62,4.0,5292.0
Home&Kitchen,2399.0,4590.0,48,4.1,444.0
Home&Kitchen,308.0,499.0,38,3.9,4584.0
Home&Kitchen,2599.0,4400.0,41,4.1,14947.0
Home&Kitchen,479.0,1000.0,52,4.2,1559.0
Home&Kitchen,245.0,299.0,18,4.1,1660.0
Home&Kitchen,179.0,799.0,78,3.5,132.0
Home&Kitchen,3569.0,5190.0,31,4.3,28629.0
Home&Kitchen,699.0,1345.0,48,3.9,8446.0
Home&Kitchen,2089.0,4000.0,48,4.2,11199.0
Car&Motorbike,2339.0,4000.0,42,3.8,1118.0
Home&Kitchen,784.0,1599.0,51,4.5,11.0
Home&Kitchen,5499.0,9999.0,45,3.8,4353.0
Home&Kitchen,899.0,1990.0,55,4.1,185.0
Home&Kitchen,1695.0,1695.0,0,4.2,14290.0
Home&Kitchen,499.0,940.0,47,4.1,3036.0
Home&Kitchen,2699.0,4700.0,43,4.2,1296.0
Home&Kitchen,1448.0,2999.0,52,4.5,19.0
Home&Kitchen,79.0,79.0,0,4.0,97.0
Home&Kitchen,6990.0,14290.0,51,4.4,1771.0
Home&Kitchen,2698.0,3945.0,32,4.0,15034.0
Home&Kitchen,3199.0,5999.0,47,4.0,3242.0
Home&Kitchen,1199.0,1950.0,39,3.9,2832.0
Home&Kitchen,1414.0,2799.0,49,4.0,1498.0
Home&Kitchen,999.0,1950.0,49,3.8,305.0
Home&Kitchen,5999.0,9999.0,40,4.2,1191.0
Home&Kitchen,9970.0,12999.0,23,4.3,4049.0
Home&Kitchen,698.0,699.0,0,4.2,3160.0
Home&Kitchen,2199.0,3190.0,31,4.3,9650.0
Home&Kitchen,320.0,799.0,60,4.2,3846.0
Home&Kitchen,298.0,499.0,40,4.4,290.0
Home&Kitchen,1199.0,1499.0,20,3.8,2206.0
Home&Kitchen,1399.0,2660.0,47,4.1,9349.0
Home&Kitchen,599.0,2799.0,79,3.9,578.0
Home&Kitchen,1499.0,1499.0,0,4.3,9331.0
Home&Kitchen,14400.0,59900.0,76,4.4,3837.0
Home&Kitchen,1699.0,1900.0,11,3.6,11456.0
Home&Kitchen,649.0,999.0,35,3.8,49.0
Home&Kitchen,3249.0,6375.0,49,4.0,4978.0
Home&Kitchen,199.0,499.0,60,4.1,1996.0
Home&Kitchen,1099.0,1899.0,42,4.3,1811.0
Home&Kitchen,664.0,1490.0,55,4.0,2198.0
Home&Kitchen,260.0,350.0,26,3.9,13127.0
Home&Kitchen,6499.0,8500.0,24,4.4,5865.0
Home&Kitchen,1484.0,2499.0,41,3.7,1067.0
Home&Kitchen,999.0,1560.0,36,3.6,4881.0
Home&Kitchen,3299.0,6500.0,49,3.7,11217.0
Home&Kitchen,259.0,999.0,74,4.0,43.0
Home&Kitchen,3249.0,7795.0,58,4.2,4664.0
Home&Kitchen,4280.0,5995.0,29,3.8,2112.0
Home&Kitchen,189.0,299.0,37,4.2,2737.0
Home&Kitchen,1449.0,2349.0,38,3.9,9019.0
Home&Kitchen,199.0,499.0,60,4.0,10234.0
Home&Kitchen,474.0,1299.0,64,4.1,550.0
Home&Kitchen,279.0,499.0,44,4.8,28.0
Home&Kitchen,1999.0,4775.0,58,4.2,1353.0
Home&Kitchen,799.0,1230.0,35,4.1,2138.0
Home&Kitchen,949.0,1999.0,53,4.0,1679.0
Home&Kitchen,3657.66,5156.0,29,3.9,12837.0
Home&Kitchen,1699.0,1999.0,15,4.1,8873.0
Home&Kitchen,1849.0,2095.0,12,4.3,7681.0
Home&Kitchen,12499.0,19825.0,37,4.1,322.0
Home&Kitchen,1099.0,1920.0,43,4.2,9772.0
Home&Kitchen,8199.0,16000.0,49,3.9,18497.0
Home&Kitchen,499.0,2199.0,77,3.7,53.0
Home&Kitchen,6999.0,14999.0,53,4.1,1728.0
Home&Kitchen,1595.0,1799.0,11,4.0,2877.0
Home&Kitchen,1049.0,1950.0,46,3.8,250.0
Home&Kitchen,1182.0,2995.0,61,4.2,5178.0
Home&Kitchen,499.0,999.0,50,4.6,79.0
Home&Kitchen,8799.0,11995.0,27,4.1,4157.0
Home&Kitchen,1529.0,2999.0,49,3.3,29.0
Home&Kitchen,1199.0,1690.0,29,4.2,4580.0
Home&Kitchen,1052.0,1790.0,41,4.3,1404.0
Home&Kitchen,6499.0,8995.0,28,4.3,2810.0
Home&Kitchen,239.0,239.0,0,4.3,7.0
Home&Kitchen,699.0,1599.0,56,4.7,1729.0
Home&Kitchen,2599.0,4290.0,39,4.4,2116.0
Home&Kitchen,1547.0,2890.0,46,3.9,463.0
Home&Kitchen,499.0,1299.0,62,4.7,54.0
Home&Kitchen,510.0,640.0,20,4.1,7229.0
Home&Kitchen,1899.0,3790.0,50,3.8,3842.0
Home&Kitchen,2599.0,4560.0,43,4.4,646.0
Home&Kitchen,1199.0,3500.0,66,4.3,1802.0
Home&Kitchen,999.0,2600.0,62,3.4,252.0
Home&Kitchen,1999.0,3300.0,39,4.2,780.0
Home&Kitchen,210.0,699.0,70,3.7,74.0
Home&Kitchen,14499.0,23559.0,38,4.3,2026.0
Home&Kitchen,950.0,1599.0,41,4.3,5911.0
Home&Kitchen,7199.0,9995.0,28,4.4,1964.0
Home&Kitchen,2439.0,2545.0,4,4.1,25.0
Home&Kitchen,7799.0,8995.0,13,4.0,3160.0
Home&Kitchen,1599.0,1999.0,20,4.4,1558.0
Home&Kitchen,2899.0,5500.0,47,3.8,8958.0
Home&Kitchen,9799.0,12150.0,19,4.3,13251.0
Home&Kitchen,3299.0,4995.0,34,3.8,1393.0
Home&Kitchen,669.0,1499.0,55,2.3,13.0
Home&Kitchen,5890.0,7506.0,22,4.5,7241.0
Home&Kitchen,9199.0,18000.0,49,4.0,16020.0
Home&Kitchen,351.0,1099.0,68,3.7,1470.0
Health&PersonalCare,899.0,1900.0,53,4.0,3663.0
Home&Kitchen,1349.0,1850.0,27,4.4,638.0
Home&Kitchen,6236.0,9999.0,38,4.1,3552.0
Home&Kitchen,2742.0,3995.0,31,4.4,11148.0
Home&Kitchen,721.0,1499.0,52,3.1,2449.0
Home&Kitchen,2903.0,3295.0,12,4.3,2299.0
Home&Kitchen,1656.0,2695.0,39,4.4,6027.0
Home&Kitchen,1399.0,2290.0,39,4.4,461.0
Home&Kitchen,2079.0,3099.0,33,4.1,282.0
Home&Kitchen,999.0,1075.0,7,4.1,9275.0
Home&Kitchen,3179.0,6999.0,55,4.0,743.0
Home&Kitchen,1049.0,2499.0,58,3.6,328.0
Home&Kitchen,3599.0,7290.0,51,3.9,942.0
Home&Kitchen,4799.0,5795.0,17,3.9,3815.0
Home&Kitchen,1699.0,3398.0,50,3.8,7988.0
Home&Kitchen,664.0,1490.0,55,4.1,925.0
Home&Kitchen,948.0,1620.0,41,4.1,4370.0
Home&Kitchen,850.0,1000.0,15,4.1,7619.0
Home&Kitchen,600.0,640.0,6,3.8,2593.0
Home&Kitchen,3711.0,4495.0,17,4.3,356.0
Home&Kitchen,799.0,2999.0,73,4.5,63.0
Home&Kitchen,980.0,980.0,0,4.2,4740.0
Home&Kitchen,351.0,899.0,61,3.9,296.0
Home&Kitchen,229.0,499.0,54,3.5,185.0
Home&Kitchen,3349.0,3995.0,16,4.3,1954.0
Home&Kitchen,5499.0,11500.0,52,3.9,959.0
Home&Kitchen,299.0,499.0,40,3.9,1015.0
Home&Kitchen,2249.0,3550.0,37,4.0,3973.0
Home&Kitchen,699.0,1599.0,56,4.7,2300.0
Home&Kitchen,1235.0,1499.0,18,4.1,203.0
Home&Kitchen,1349.0,2999.0,55,3.8,441.0
Home&Kitchen,6800.0,11500.0,41,4.1,10308.0
Home&Kitchen,2099.0,2499.0,16,4.1,992.0
Home&Kitchen,1699.0,1975.0,14,4.1,4716.0
Home&Kitchen,1069.0,1699.0,37,3.9,313.0
Home&Kitchen,1349.0,2495.0,46,3.8,166.0
Home&Kitchen,1499.0,3500.0,57,4.1,303.0
Home&Kitchen,2092.0,4600.0,55,4.3,562.0
Home&Kitchen,3859.0,10295.0,63,3.9,8095.0
Home&Kitchen,499.0,2199.0,77,2.8,109.0
Home&Kitchen,1804.0,2380.0,24,4.0,15382.0
Home&Kitchen,6525.0,8820.0,26,4.5,5137.0
Home&Kitchen,4999.0,24999.0,80,4.6,124.0
Home&Kitchen,1189.0,2400.0,50,4.1,618.0
Home&Kitchen,2590.0,4200.0,38,4.1,63.0
Home&Kitchen,899.0,1599.0,44,3.4,15.0
Home&Kitchen,998.0,2999.0,67,4.6,9.0
Home&Kitchen,998.06,1282.0,22,4.2,7274.0
Home&Kitchen,1099.0,1990.0,45,3.9,5911.0
Home&Kitchen,5999.0,9999.0,40,4.2,170.0
Home&Kitchen,8886.0,11850.0,25,4.2,3065.0
Home&Kitchen,475.0,999.0,52,4.1,1021.0
Home&Kitchen,4995.0,20049.0,75,4.8,3964.0
Home&Kitchen,13999.0,24850.0,44,4.4,8948.0
Home&Kitchen,8499.0,16490.0,48,4.3,97.0
Home&Kitchen,949.0,975.0,3,4.3,7223.0
Home&Kitchen,395.0,499.0,21,4.0,330.0
Home&Kitchen,635.0,635.0,0,4.3,4570.0
Home&Kitchen,717.0,1390.0,48,4.0,4867.0
Home&Kitchen,27900.0,59900.0,53,4.4,5298.0
Home&Kitchen,649.0,670.0,3,4.1,7786.0
Home&Kitchen,193.0,399.0,52,3.6,37.0
Home&Kitchen,1299.0,2495.0,48,2.0,2.0
Home&Kitchen,2449.0,3390.0,28,4.0,5206.0
Home&Kitchen,1049.0,2499.0,58,3.7,638.0
Home&Kitchen,2399.0,4200.0,43,3.8,397.0
Home&Kitchen,2286.0,4495.0,49,3.9,326.0
Home&Kitchen,499.0,2199.0,77,3.1,3527.0
Home&Kitchen,429.0,999.0,57,3.0,617.0
Home&Kitchen,299.0,595.0,50,4.0,314.0
Home&Kitchen,5395.0,19990.0,73,4.4,535.0
Home&Kitchen,559.0,1010.0,45,4.1,17325.0
Home&Kitchen,660.0,1100.0,40,3.6,91.0
Home&Kitchen,419.0,999.0,58,4.4,227.0
Home&Kitchen,7349.0,10900.0,33,4.2,11957.0
Home&Kitchen,2899.0,4005.0,28,4.3,7140.0
Home&Kitchen,1799.0,3295.0,45,3.8,687.0
Home&Kitchen,1474.0,4650.0,68,4.1,1045.0
Home&Kitchen,15999.0,24500.0,35,4.0,11206.0
Home&Kitchen,3645.0,6070.0,40,4.2,561.0
Home&Kitchen,375.0,999.0,62,3.6,1988.0
Home&Kitchen,2976.0,3945.0,25,4.2,3740.0
Home&Kitchen,1099.0,1499.0,27,4.1,4401.0
Home&Kitchen,2575.0,6700.0,62,4.2,611.0
Home&Kitchen,1649.0,2800.0,41,3.9,2162.0
Home&Kitchen,799.0,1699.0,53,4.0,97.0
Home&Kitchen,765.0,970.0,21,4.2,6055.0
Home&Kitchen,999.0,1500.0,33,4.2,386.0
Home&Kitchen,587.0,1295.0,55,4.1,557.0
Home&Kitchen,12609.0,23999.0,47,4.4,2288.0
Home&Kitchen,699.0,850.0,18,4.1,1106.0
Home&Kitchen,3799.0,6000.0,37,4.2,11935.0
Home&Kitchen,640.0,1020.0,37,4.1,5059.0
Home&Kitchen,979.0,1999.0,51,3.9,157.0
Home&Kitchen,5365.0,7445.0,28,3.9,3584.0
Home&Kitchen,3199.0,3500.0,9,4.2,1899.0
Home&Kitchen,979.0,1395.0,30,4.2,15252.0
Home&Kitchen,929.0,2199.0,58,3.7,4.0
Home&Kitchen,3710.0,4330.0,14,3.7,1662.0
Home&Kitchen,2033.0,4295.0,53,3.4,422.0
Home&Kitchen,9495.0,18990.0,50,4.2,79.0
Home&Kitchen,7799.0,12500.0,38,4.0,5160.0
Home&Kitchen,949.0,2385.0,60,4.1,2311.0
Home&Kitchen,2790.0,4890.0,43,3.9,588.0
Home&Kitchen,645.0,1100.0,41,4.0,3271.0
Home&Kitchen,2237.81,3899.0,43,3.9,11004.0
Home&Kitchen,8699.0,16899.0,49,4.2,3195.0
Home&Kitchen,42990.0,75990.0,43,4.3,3231.0
Home&Kitchen,825.0,825.0,0,4.0,3246.0
Home&Kitchen,161.0,300.0,46,2.6,24.0
Home&Kitchen,697.0,1499.0,54,3.8,144.0
Home&Kitchen,688.0,747.0,8,4.5,2280.0
Home&Kitchen,2199.0,3999.0,45,3.5,340.0
Home&Kitchen,6850.0,11990.0,43,3.9,144.0
Home&Kitchen,2699.0,3799.0,29,4.0,727.0
Home&Kitchen,899.0,1999.0,55,4.0,832.0
Home&Kitchen,1090.0,2999.0,64,3.5,57.0
Home&Kitchen,295.0,599.0,51,4.0,1644.0
Home&Kitchen,479.0,1999.0,76,3.4,1066.0
Home&Kitchen,2949.0,4849.0,39,4.2,7968.0
Home&Kitchen,335.0,510.0,34,3.8,3195.0
Home&Kitchen,293.0,499.0,41,4.1,1456.0
Home&Kitchen,599.0,1299.0,54,4.2,590.0
Home&Kitchen,499.0,999.0,50,4.3,1436.0
Home&Kitchen,849.0,1190.0,29,4.2,4184.0
Home&Kitchen,249.0,400.0,38,4.1,693.0
Home&Kitchen,185.0,599.0,69,3.9,1306.0
Home&Kitchen,778.0,999.0,22,3.3,8.0
Home&Kitchen,279.0,699.0,60,4.3,2326.0
Home&Kitchen,215.0,1499.0,86,3.9,1004.0
Home&Kitchen,889.0,1295.0,31,4.3,6400.0
Home&Kitchen,1449.0,4999.0,71,3.6,63.0
Home&Kitchen,1190.0,2550.0,53,3.8,1181.0
Home&Kitchen,1799.0,1950.0,8,3.9,1888.0
Home&Kitchen,6120.0,8478.0,28,4.6,6550.0
Home&Kitchen,1799.0,3299.0,45,3.8,1846.0
Home&Kitchen,2199.0,3895.0,44,3.9,1085.0
Home&Kitchen,3685.0,5495.0,33,4.1,290.0
Home&Kitchen,649.0,999.0,35,3.6,4.0
Home&Kitchen,8599.0,8995.0,4,4.4,9734.0
Home&Kitchen,1110.0,1599.0,31,4.3,4022.0
Home&Kitchen,1499.0,3500.0,57,4.7,2591.0
Home&Kitchen,759.0,1999.0,62,4.3,532.0
Home&Kitchen,2669.0,3199.0,17,3.9,260.0
Home&Kitchen,929.0,1300.0,29,3.9,1672.0
Home&Kitchen,199.0,399.0,50,3.7,7945.0
Home&Kitchen,279.0,599.0,53,3.5,1367.0
Home&Kitchen,549.0,999.0,45,4.0,1313.0
Home&Kitchen,85.0,199.0,57,4.1,212.0
Home&Kitchen,499.0,1299.0,62,3.9,65.0
Home&Kitchen,5865.0,7776.0,25,4.4,2737.0
Home&Kitchen,1260.0,2299.0,45,4.3,55.0
Home&Kitchen,1099.0,1500.0,27,4.5,1065.0
Home&Kitchen,1928.0,2590.0,26,4.0,2377.0
Home&Kitchen,3249.0,6299.0,48,3.9,2569.0
Home&Kitchen,1199.0,1795.0,33,4.2,5967.0
Home&Kitchen,1456.0,3190.0,54,4.1,1776.0
Home&Kitchen,3349.0,4799.0,30,3.7,4200.0
Home&Kitchen,4899.0,8999.0,46,4.1,297.0
Home&Kitchen,1199.0,1899.0,37,4.2,3858.0
Home&Kitchen,3290.0,5799.0,43,4.3,168.0
Home&Kitchen,179.0,799.0,78,3.6,101.0
Home&Kitchen,149.0,300.0,50,4.1,4074.0
Home&Kitchen,5490.0,7200.0,24,4.5,1408.0
Home&Kitchen,379.0,389.0,3,4.2,3739.0
Home&Kitchen,8699.0,13049.0,33,4.3,5891.0
Home&Kitchen,3041.67,5999.0,49,4.0,777.0
Home&Kitchen,1745.0,2400.0,27,4.2,14160.0
Home&Kitchen,3180.0,5295.0,40,4.2,6919.0
Home&Kitchen,4999.0,24999.0,80,4.5,287.0
Home&Kitchen,390.0,799.0,51,3.8,287.0
Home&Kitchen,1999.0,2999.0,33,4.4,388.0
Home&Kitchen,1624.0,2495.0,35,4.1,827.0
Home&Kitchen,184.0,450.0,59,4.2,4971.0
Home&Kitchen,445.0,999.0,55,4.3,229.0
Home&Kitchen,699.0,1690.0,59,4.1,3524.0
Home&Kitchen,1601.0,3890.0,59,4.2,156.0
Home&Kitchen,231.0,260.0,11,4.1,490.0
Home&Kitchen,369.0,599.0,38,3.9,82.0
Home&Kitchen,809.0,1950.0,59,3.9,710.0
Home&Kitchen,1199.0,2990.0,60,3.8,133.0
Home&Kitchen,6120.0,8073.0,24,4.6,2751.0
Home&Kitchen,1799.0,2599.0,31,3.6,771.0
Home&Kitchen,18999.0,29999.0,37,4.1,2536.0
Home&Kitchen,1999.0,2360.0,15,4.2,7801.0
Home&Kitchen,5999.0,11495.0,48,4.3,534.0
Home&Kitchen,2599.0,4780.0,46,3.9,898.0
Home&Kitchen,1199.0,2400.0,50,3.9,1202.0
Home&Kitchen,219.0,249.0,12,4.0,1108.0
Home&Kitchen,799.0,1199.0,33,4.4,17.0
Home&Kitchen,6199.0,10999.0,44,4.2,10429.0
Home&Kitchen,6790.0,10995.0,38,4.5,3192.0
Home&Kitchen,1982.84,3300.0,40,4.1,5873.0
Home&Kitchen,199.0,400.0,50,4.1,1379.0
Home&Kitchen,1180.0,1440.0,18,4.2,1527.0
Home&Kitchen,2199.0,3045.0,28,4.2,2686.0
Home&Kitchen,2999.0,3595.0,17,4.0,178.0
Home&Kitchen,253.0,500.0,49,4.3,2664.0
Home&Kitchen,499.0,799.0,38,3.6,212.0
Home&Kitchen,1149.0,1899.0,39,3.5,24.0
Home&Kitchen,457.0,799.0,43,4.3,1868.0
Home&Kitchen,229.0,399.0,43,3.6,451.0
Home&Kitchen,199.0,699.0,72,2.9,159.0
Home&Kitchen,899.0,1999.0,55,4.2,39.0
Home&Kitchen,1499.0,2199.0,32,4.4,6531.0
Home&Kitchen,426.0,999.0,57,4.1,222.0
Home&Kitchen,2320.0,3290.0,29,3.8,195.0
Home&Kitchen,1563.0,3098.0,50,3.5,2283.0
Home&Kitchen,3487.77,4990.0,30,4.1,1127.0
Home&Kitchen,498.0,1200.0,59,3.2,113.0
Home&Kitchen,2695.0,2695.0,0,4.4,2518.0
Home&Kitchen,949.0,2299.0,59,3.6,550.0
Home&Kitchen,199.0,999.0,80,3.1,2.0
Home&Kitchen,379.0,919.0,59,4.0,1090.0
Home&Kitchen,2280.0,3045.0,25,4.1,4118.0
Home&Kitchen,2219.0,3080.0,28,3.6,468.0
Home&Kitchen,1399.0,1890.0,26,4.0,8031.0
Home&Kitchen,2863.0,3690.0,22,4.3,6987.0
